{
  "dice": [
    {
      "caseID": "C:/Users/DELL/Desktop/DatasetsKermi/BraTS2021/RSNA_ASNR_MICCAI_BraTS2021_TrainingData_20210706/RSNA_ASNR_MICCAI_BraTS2021_TrainingData/BraTS2021_00066",
      "ET": 0.7069521856781538,
      "WT": 0.9181865555080534,
      "TC": 0.8120763316365273
    }
  ],
  "spec": [
    {
      "caseID": "C:/Users/DELL/Desktop/DatasetsKermi/BraTS2021/RSNA_ASNR_MICCAI_BraTS2021_TrainingData_20210706/RSNA_ASNR_MICCAI_BraTS2021_TrainingData/BraTS2021_00066",
      "ET": 0.9998938618635145,
      "WT": 0.9995675693177162,
      "TC": 0.9996759137181657
    }
  ],
  "sen": [
    {
      "caseID": "C:/Users/DELL/Desktop/DatasetsKermi/BraTS2021/RSNA_ASNR_MICCAI_BraTS2021_TrainingData_20210706/RSNA_ASNR_MICCAI_BraTS2021_TrainingData/BraTS2021_00066",
      "ET": 0.6381288603033912,
      "WT": 0.9330216456752023,
      "TC": 0.9458598713563431
    }
  ],
  "hau95": [
    {
      "caseID": "C:/Users/DELL/Desktop/DatasetsKermi/BraTS2021/RSNA_ASNR_MICCAI_BraTS2021_TrainingData_20210706/RSNA_ASNR_MICCAI_BraTS2021_TrainingData/BraTS2021_00066",
      "ET": 3.605551275463989,
      "WT": 11.661903789690601,
      "TC": 10.0
    }
  ]
}