{
  "dice": [
    0.8441964809299334
  ],
  "spec": [],
  "sen": [
    0.7578591610883861
  ],
  "hau95": []
}